,SP500,DTB3,T10Y2Y,DCOILWTICO,PCOPPUSDM,VIXCLS,STOCK_BOND_CORR
1994-01-31,481.6099853515625,2.96,1.58,15.24,1807.07136699066,10.63,-0.3956752203163568
1994-02-28,467.1400146484375,3.36,1.48,14.5,1865.07501472778,14.87,-0.46689352120780453
1994-03-31,445.7699890136719,3.48,1.56,14.78,1913.17391866455,20.45,-0.5282253551403877
1994-04-30,450.9100036621094,3.87,1.33,16.92,1881.36846713562,13.77,-0.5133780282450724
1994-05-31,456.5,4.16,1.16,18.3,2144.50007046051,13.03,-0.5245089137488202
1994-06-30,444.2699890136719,4.15,1.15,19.37,2363.09102303009,14.97,-0.5252120896920608
1994-07-31,458.260009765625,4.27,1.13,20.3,2447.23803404999,11.13,-0.5448269668781947
1994-08-31,475.489990234375,4.56,1.02,17.6,2409.74997397766,11.97,-0.5207114134178352
1994-09-30,462.7099914550781,4.67,1.0,18.36,2504.84103139343,14.28,-0.5833718410438848
1994-10-31,472.3500061035156,5.03,0.97,18.16,2546.02375416412,14.56,-0.5693595812843152
1994-11-30,453.69000244140625,5.56,0.51,18.06,2803.54541098175,15.95,-0.602432246102608
1994-12-31,459.2699890136719,5.53,0.15,17.77,2980.69999645081,13.2,-0.5026904744231254
1995-01-31,470.4200134277344,5.83,0.34,18.48,3003.26189506836,11.96,-0.49286576502338
1995-02-28,487.3900146484375,5.76,0.43,18.52,2870.45015814514,11.75,-0.5193510122629377
1995-03-31,500.7099914550781,5.7,0.4,19.18,2919.67397804871,13.37,-0.49824674996384916
1995-04-30,514.7100219726562,5.69,0.47,20.36,2894.88882296448,11.75,-0.5169812137370601
1995-05-31,533.4000244140625,5.63,0.41,18.88,2771.57125569763,12.85,-0.5582706187568067
1995-06-30,544.75,5.44,0.42,17.38,2987.68194348755,11.38,-0.5868700075241375
1995-07-31,562.0599975585938,5.42,0.57,17.62,3076.4500581665,13.49,-0.5247322409110577
1995-08-31,561.8800048828125,5.29,0.43,17.89,3040.13619641418,11.52,-0.5434410136259392
1995-09-30,584.4099731445312,5.24,0.34,17.54,2910.42504276428,12.74,-0.5478391582683633
1995-10-31,581.5,5.32,0.42,17.67,2810.06817431793,13.83,-0.5413069813927037
1995-11-30,605.3699951171875,5.32,0.4,18.27,2981.61903664856,11.58,-0.579180242326479
1995-12-31,615.9299926757812,4.96,0.4,19.54,2918.21064537659,12.52,-0.5856466986310124
1996-01-31,636.02001953125,4.91,0.67,17.76,2604.99992943115,12.53,-0.5867673436201083
1996-02-29,640.4299926757812,4.89,0.69,19.59,2544.66672335968,17.04,-0.5770345906171066
1996-03-31,645.5,5.0,0.55,21.43,2563.34994940033,18.88,-0.5755469942544292
1996-04-30,654.1699829101562,5.01,0.63,20.95,2594.17496803894,15.83,-0.5804714857691665
1996-05-31,669.1199951171875,5.04,0.58,19.77,2658.76193080902,16.07,-0.5744378302145738
1996-06-30,670.6300048828125,5.04,0.62,20.92,2177.59998270721,13.68,-0.5993646628122864
1996-07-31,639.9500122070312,5.18,0.58,20.46,1983.93479971771,19.46,-0.5678277832676082
1996-08-31,651.989990234375,5.15,0.62,22.25,2017.85720584564,17.01,-0.5445789729054382
1996-09-30,687.3300170898438,4.91,0.62,24.2,1935.07143060913,16.95,-0.5758496835000863
1996-10-31,705.27001953125,5.03,0.6,23.25,1960.19567519531,18.11,-0.5804794058462017
1996-11-30,757.02001953125,5.0,0.47,23.7,2215.42864607391,17.14,-0.5862710972567801
1996-12-31,740.739990234375,5.07,0.55,25.9,2264.59527826385,20.92,-0.6048301174428431
1997-01-31,786.1599731445312,5.02,0.59,24.15,2427.27279402924,19.47,-0.5640040884552687
1997-02-28,790.8200073242188,5.09,0.47,20.3,2406.63156159363,21.1,-0.5331473498114652
1997-03-31,757.1199951171875,5.21,0.47,20.35,2420.1842087265,22.14,-0.49814560326105833
1997-04-30,801.3400268554688,5.14,0.43,20.2,2389.31814949341,20.06,-0.5136789911365462
1997-05-31,848.280029296875,4.82,0.45,21.0,2513.29993523407,19.19,-0.5043237964186884
1997-06-30,885.1400146484375,5.06,0.43,19.82,2611.28570015411,21.53,-0.49940202179846727
1997-07-31,954.3099975585938,5.11,0.28,20.19,2449.19570404663,21.48,-0.5421176277658343
1997-08-31,899.469970703125,5.1,0.37,19.66,2250.10004305115,24.76,-0.5785432025817923
1997-09-30,947.280029296875,4.93,0.32,21.13,2104.30955452118,22.91,-0.5573771974094772
1997-10-31,914.6199951171876,5.07,0.21,21.1,2050.6955684021,35.09,-0.49805336645084297
1997-11-30,955.4000244140624,5.08,0.1,19.13,1918.49994499359,27.43,-0.48314600421223425
1997-12-31,970.4299926757812,5.22,0.09,17.65,1761.45239143524,24.01,-0.48262343369493554
1998-01-31,980.280029296875,5.06,0.21,17.21,1687.60000986328,21.47,-0.4748460670823193
1998-02-28,1049.3399658203125,5.18,0.07,15.44,1663.99998604431,18.55,-0.4321239808697294
1998-03-31,1101.75,5.02,0.07,15.75,1747.15916341095,24.22,-0.4195540998066046
1998-04-30,1111.75,4.87,0.09,15.56,1800.12507817535,21.18,-0.419825744298817
1998-05-31,1090.8199462890625,4.89,0.03,15.21,1731.65792903595,21.32,-0.4154373399318834
1998-06-30,1133.8399658203125,4.97,-0.05,14.3,1656.59518632507,19.71,-0.4195855566927503
1998-07-31,1120.6700439453125,4.97,0.01,14.27,1655.66672697449,24.8,-0.44224685557188587
1998-08-31,957.280029296875,4.77,0.14,13.29,1619.92507875671,44.28,-0.15600118835900864
1998-09-30,1017.010009765625,4.26,0.14,16.19,1646.77269191284,40.95,-0.20403454666254656
1998-10-31,1098.6700439453125,4.23,0.52,14.48,1585.49992534637,28.05,-0.1661104696967336
1998-11-30,1163.6300048828125,4.42,0.2,11.37,1573.72497511139,26.01,-0.1411190565612861
1998-12-31,1229.22998046875,4.37,0.11,12.14,1475.76309447174,24.42,-0.14683256106994205
1999-01-31,1279.6400146484375,4.37,0.08,12.81,1432.00002842255,26.25,-0.14616785899749227
1999-02-28,1238.3299560546875,4.55,0.16,12.31,1412.95,27.88,-0.20154941217140918
1999-03-31,1286.3699951171875,4.37,0.26,16.66,1378.47727272727,23.26,-0.1976144357442012
1999-04-30,1335.1800537109375,4.43,0.28,18.69,1463.725,25.07,-0.18992216527905972
1999-05-31,1301.8399658203125,4.53,0.22,16.85,1510.44736842105,25.39,-0.2195724887529656
1999-06-30,1372.7099609375,4.65,0.28,19.33,1422.15909090909,21.09,-0.20544256670475902
1999-07-31,1328.719970703125,4.62,0.29,20.52,1639.18181818182,24.64,-0.20903626240016482
1999-08-31,1320.4100341796875,4.84,0.25,22.15,1646.7380952381,24.45,-0.21362928766311062
1999-09-30,1282.7099609375,4.74,0.27,24.54,1749.68181818182,25.41,-0.1910858454720101
1999-10-31,1362.9300537109375,4.97,0.23,21.79,1723.28571428571,22.2,-0.17392938134414515
1999-11-30,1388.9100341796875,5.15,0.17,24.87,1726.77272727273,24.18,-0.13979649541674824
1999-12-31,1469.25,5.17,0.21,25.76,1764.88235294118,24.64,-0.08044009907517698
2000-01-31,1394.4599609375,5.53,0.07,27.65,1843.85,24.95,-0.12550436960494604
2000-02-29,1366.4200439453125,5.62,-0.11,30.57,1807.025,23.37,-0.0996736032932429
2000-03-31,1498.5799560546875,5.72,-0.47,26.86,1739.8,24.11,-0.11318905322223048
2000-04-30,1452.4300537109375,5.66,-0.45,25.71,1681.9075,26.2,-0.12088588029089932
2000-05-31,1420.5999755859375,5.48,-0.4,29.03,1785.09782608696,23.65,-0.12367576085392118
2000-06-30,1454.5999755859375,5.71,-0.35,32.44,1752.07272727273,19.54,-0.11848732955371198
2000-07-31,1430.8299560546875,6.03,-0.26,27.5,1803.14285714286,20.74,-0.053475020806855275
2000-08-31,1517.6800537109375,6.13,-0.45,33.09,1857.12391304348,16.84,-0.03125360068227153
2000-09-30,1436.510009765625,6.05,-0.18,30.87,1961.89285714286,20.57,-0.025034108963178703
2000-10-31,1429.4000244140625,6.19,-0.17,32.7,1894.37272727273,23.63,-0.05782525807675364
2000-11-30,1314.949951171875,6.03,-0.13,33.61,1795.60227272727,29.65,0.0056349096520469655
2000-12-31,1320.280029296875,5.73,0.01,26.72,1852.4,26.85,0.011521359809020363
2001-01-31,1366.010009765625,4.86,0.57,28.62,1787.05681818182,22.02,0.01628734627046939
2001-02-28,1239.93994140625,4.73,0.51,27.35,1766.125,28.35,0.05813009359450381
2001-03-31,1160.3299560546875,4.2,0.75,26.37,1742.15909090909,28.64,0.04593429049495305
2001-04-30,1249.4599609375,3.86,1.05,28.48,1665.97222222222,25.48,0.10745825549577782
2001-05-31,1255.8199462890625,3.55,1.21,28.39,1684.85,22.64,0.10231372437632036
2001-06-30,1224.3800048828125,3.57,1.17,26.37,1610.46904761905,19.06,0.1117660690858787
2001-07-31,1211.22998046875,3.46,1.28,26.7,1526.77045454545,21.62,0.1210163520444562
2001-08-31,1133.5799560546875,3.3,1.21,26.65,1466.41136363636,24.92,0.018948805908021286
2001-09-30,1040.93994140625,2.35,1.74,23.44,1427.69736842105,31.93,0.15718726430157973
2001-10-31,1059.780029296875,2.01,1.86,21.2,1377.37608695652,33.56,0.10869704504774841
2001-11-30,1139.449951171875,1.75,1.94,19.46,1434.29318181818,23.84,0.17091723707064466
2001-12-31,1148.0799560546875,1.71,2.0,19.96,1472.84705882353,23.8,0.18883589736821213
2002-01-31,1130.199951171875,1.73,1.91,19.71,1508.22727272727,21.09,0.19120326233075666
2002-02-28,1106.72998046875,1.76,1.82,21.78,1561.3675,21.59,0.26686941289560967
2002-03-31,1147.3900146484375,1.76,1.7,26.21,1607.3925,17.4,0.30203223362444204
2002-04-30,1076.9200439453125,1.74,1.87,27.32,1588.57142857143,21.91,0.3242033749117186
2002-05-31,1067.1400146484375,1.71,1.86,25.37,1597.02272727273,19.98,0.3454200332012665
2002-06-30,989.8200073242188,1.67,1.96,26.79,1650.59444444444,25.4,0.34748994968496444
2002-07-31,911.6199951171876,1.68,2.28,27.02,1588.2847826087,32.03,0.3902920183399363
2002-08-31,916.0700073242188,1.66,2.0,28.97,1482.91666666667,32.64,0.3714078689975016
2002-09-30,815.280029296875,1.54,1.91,30.59,1478.93333333333,39.69,0.42793432954161126
2002-10-31,885.760009765625,1.42,2.25,27.18,1486.17173913043,31.14,0.45348865763289264
2002-11-30,936.3099975585938,1.2,2.14,26.87,1581.03571428571,27.5,0.4711256913332323
2002-12-31,879.8200073242188,1.2,2.22,31.21,1592.96428571429,28.62,0.46378500783445714
2003-01-31,855.7000122070312,1.16,2.28,33.51,1650.31136363636,31.17,0.48482481574129027
2003-02-28,841.1500244140625,1.18,2.18,36.76,1682.145,29.63,0.48303424272504353
2003-03-31,848.1799926757812,1.12,2.32,31.14,1655.69285714286,29.15,0.6007044218958519
2003-04-30,916.9199829101562,1.11,2.38,26.09,1587.8675,21.21,0.6124527998496756
2003-05-31,963.5900268554688,1.09,2.04,29.56,1651.1,19.47,0.5328507966064083
2003-06-30,974.5,0.89,2.22,30.15,1685.10714285714,19.52,0.5533261612034439
2003-07-31,990.3099975585938,0.94,2.69,30.56,1712.82608695652,19.49,0.5147115400042696
2003-08-31,1008.010009765625,0.96,2.5,31.76,1756.725,18.63,0.5620312146869559
2003-09-30,995.969970703125,0.93,2.46,29.19,1789.67045454545,22.72,0.564028186977871
2003-10-31,1050.7099609375,0.94,2.48,29.24,1925.58260869565,16.1,0.5818188277703483
2003-11-30,1058.199951171875,0.91,2.28,30.33,2053.275,16.32,0.5730246346881097
2003-12-31,1111.9200439453125,0.93,2.43,32.51,2202.03571428571,18.31,0.5727065267873196
2004-01-31,1131.1300048828125,0.9,2.32,33.16,2421.47619047619,16.63,0.5670682228296084
2004-02-29,1144.93994140625,0.94,2.33,36.08,2751.7175,14.55,0.5538183417630111
2004-03-31,1126.2099609375,0.93,2.26,35.75,3000.28260869565,16.74,0.5725736166853215
2004-04-30,1107.300048828125,0.96,2.22,37.31,2926.975,17.19,0.49282258971470994
2004-05-31,1120.6800537109375,1.06,2.12,39.9,2728.46052631579,15.5,0.49408340124436356
2004-06-30,1140.8399658203125,1.31,1.92,36.92,2689.04545454545,14.34,0.49449915706039177
2004-07-31,1101.719970703125,1.42,1.82,43.72,2816.79545454545,15.32,0.49764140172756977
2004-08-31,1104.239990234375,1.57,1.72,42.23,2844.20238095238,15.29,0.48091897807889794
2004-09-30,1114.5799560546875,1.68,1.51,49.56,2903.17045454545,13.34,0.4714554184692475
2004-10-31,1130.199951171875,1.87,1.49,51.78,3009.40476190476,16.27,0.48305751473744496
2004-11-30,1173.8199462890625,2.19,1.34,49.16,3130.30909090909,13.24,0.45854475982565635
2004-12-31,1211.9200439453125,2.18,1.16,43.36,3139.78571428571,13.29,0.45083146199368535
2005-01-31,1181.27001953125,2.48,0.85,48.25,3168.1,12.82,0.45403763230733013
2005-02-28,1203.5999755859375,2.72,0.77,51.75,3247.1,12.08,0.45312355196646853
2005-03-31,1180.5899658203125,2.73,0.7,55.31,3378.90476190476,14.02,0.4266968814598123
2005-04-30,1156.8499755859375,2.84,0.55,49.2,3389.80952380952,15.31,0.4134021141274652
2005-05-31,1191.5,2.93,0.4,52.08,3241.9,13.29,0.3993352928259749
2005-06-30,1191.3299560546875,3.06,0.28,56.63,3529.72727272727,12.04,0.3891330652268656
2005-07-31,1234.1800537109375,3.34,0.26,60.71,3608.47619047619,11.57,0.3689020717160251
2005-08-31,1220.3299560546875,3.44,0.18,68.63,3791.90909090909,12.6,0.3798024709961678
2005-09-30,1228.81005859375,3.47,0.16,66.21,3850.65909090909,11.92,0.2774380980875565
2005-10-31,1207.010009765625,3.89,0.17,59.8,4056.16666666667,15.32,0.2145254472255887
2005-11-30,1249.47998046875,3.86,0.07,57.33,4278.15909090909,12.06,0.17092562406027648
2005-12-31,1248.2900390625,3.99,-0.02,61.06,4577.025,12.07,0.09309568770407133
2006-01-31,1280.0799560546875,4.37,-0.01,67.86,4743.85714285714,12.95,0.12492598884382759
2006-02-28,1280.6600341796875,4.51,-0.14,61.37,4974.975,12.34,0.09423762122060614
2006-03-31,1294.8699951171875,4.52,0.04,66.25,5123.67391304348,11.39,0.09340857101161401
2006-04-30,1310.6099853515625,4.65,0.2,71.8,6404.44444444444,11.59,0.09705561731945062
2006-05-31,1270.0899658203125,4.74,0.08,71.42,8059.19047619048,16.44,0.20873918669826302
2006-06-30,1270.199951171875,4.87,-0.01,73.94,7222.77272727273,13.08,0.20760956227708385
2006-07-31,1276.6600341796875,4.97,0.02,74.56,7726.7380952381,14.95,0.2063041504598444
2006-08-31,1303.8199462890625,4.92,-0.05,70.38,7690.25,12.31,0.18573798110824777
2006-09-30,1335.8499755859375,4.77,-0.07,62.9,7622.64285714286,11.98,0.13026990531141253
2006-10-31,1377.93994140625,4.95,-0.1,58.72,7497.40909090909,11.1,0.03071288629192204
2006-11-30,1400.6300048828125,4.9,-0.16,62.97,7029.29545454545,10.91,0.022144132506414158
2006-12-31,1418.300048828125,4.89,-0.11,60.85,6680.97368421053,11.56,0.0532548869326203
2007-01-31,1438.239990234375,4.99,-0.11,58.17,5689.34090909091,10.42,0.06682141687397503
2007-02-28,1406.8199462890625,5.01,-0.09,61.78,5718.15,15.42,0.12199713965906248
2007-03-31,1420.8599853515625,4.9,0.07,65.94,6465.29545454545,14.64,0.1047535042447971
2007-04-30,1482.3699951171875,4.79,0.03,65.78,7753.34210526316,14.22,0.22545734307453444
2007-05-31,1530.6199951171875,4.6,-0.02,64.02,7677.95238095238,13.05,0.25795074573073784
2007-06-30,1503.3499755859375,4.68,0.16,70.47,7514.2380952381,16.23,0.23352203818201495
2007-07-31,1455.27001953125,4.82,0.22,78.2,7980.93181818182,23.52,0.26356843694529203
2007-08-31,1473.989990234375,3.91,0.39,73.98,7500.20454545455,23.38,0.24809818558623994
2007-09-30,1526.75,3.72,0.62,81.64,7671.35,18.0,0.24932403861901004
2007-10-31,1549.3800048828125,3.84,0.54,94.16,8020.58695652174,18.53,0.2474972347579645
2007-11-30,1481.1400146484375,3.08,0.93,88.6,6957.43181818182,22.87,0.32494371329047106
2007-12-31,1468.3599853515625,3.29,0.99,95.95,6630.73611111111,22.5,0.3409318328464264
2008-01-31,1378.550048828125,1.92,1.5,91.67,7078.90909090909,26.2,0.4140697446384693
2008-02-29,1330.6300048828125,1.81,1.88,101.78,7941.14285714286,26.54,0.41349811066115355
2008-03-31,1322.699951171875,1.36,1.83,101.54,8434.31578947368,25.61,0.4435500393678391
2008-04-30,1385.5899658203125,1.41,1.48,113.7,8714.18181818182,20.79,0.46746626736144364
2008-05-31,1400.3800048828125,1.85,1.4,127.35,8356.125,17.83,0.501881439628184
2008-06-30,1280.0,1.87,1.36,139.96,8292.0,23.95,0.4587253200967904
2008-07-31,1267.3800048828125,1.65,1.47,124.17,8407.02173913043,22.94,0.4289614677072153
2008-08-31,1282.8299560546875,1.69,1.47,115.55,7633.8,20.65,0.4119459172381855
2008-09-30,1166.3599853515625,0.9,1.85,100.7,6975.11363636364,39.39,0.35695175721462385
2008-10-31,968.75,0.44,2.45,68.1,4894.89130434783,59.89,0.1888849910534772
2008-11-30,896.239990234375,0.01,1.93,55.21,3729.1875,55.84,0.3175631132160437
2008-12-31,903.25,0.11,1.49,44.6,3105.09523809524,40.0,0.272501726218516
2009-01-31,825.8800048828125,0.24,1.93,41.73,3260.35714285714,44.84,0.1274883305895048
2009-02-28,735.0900268554688,0.26,2.02,44.15,3328.4125,46.35,0.08148570221516069
2009-03-31,797.8699951171875,0.21,1.9,49.64,3770.875,44.14,0.015092608158135528
2009-04-30,872.8099975585938,0.14,2.25,50.35,4436.925,36.5,0.09350732544654687
2009-05-31,919.1400146484376,0.14,2.55,66.31,4591.46052631579,28.92,0.13046941873459855
2009-06-30,919.3200073242188,0.19,2.42,69.82,5015.43181818182,26.35,0.13075620446055408
2009-07-31,987.47998046875,0.18,2.39,69.26,5228.41304347826,25.92,0.13358687622417834
2009-08-31,1020.6199951171876,0.15,2.43,69.97,6176.875,26.01,0.13776617595169519
2009-09-30,1057.0799560546875,0.14,2.36,70.46,6195.75,25.61,0.13684147925502144
2009-10-31,1036.18994140625,0.05,2.51,77.04,6305.98863636364,30.69,0.1338284498962616
2009-11-30,1095.6300048828125,0.06,2.54,77.19,6682.44047619048,24.51,0.11913826486269956
2009-12-31,1115.0999755859375,0.06,2.71,79.39,6976.97619047619,21.68,0.128650935930689
2010-01-31,1073.8699951171875,0.08,2.81,72.85,7367.375,24.62,0.1326131244215623
2010-02-28,1104.489990234375,0.13,2.8,79.72,6867.675,19.5,0.12781138135612244
2010-03-31,1169.4300537109375,0.16,2.82,83.45,7466.9347826087,17.59,0.1459748689083877
2010-04-30,1186.68994140625,0.16,2.72,86.07,7729.8375,22.05,0.14306711162618097
2010-05-31,1089.4100341796875,0.16,2.55,74.0,6843.15789473684,32.07,0.16078615275754696
2010-06-30,1030.7099609375,0.18,2.36,75.59,6501.5,34.54,0.17967111277295314
2010-07-31,1101.5999755859375,0.15,2.39,78.85,6750.56818181818,23.5,0.17272795705522084
2010-08-31,1049.3299560546875,0.14,2.0,71.93,7302.66666666667,26.05,0.1969870033224086
2010-09-30,1141.199951171875,0.16,2.11,79.95,7729.59090909091,23.7,0.20046639005984865
2010-10-31,1183.260009765625,0.12,2.29,81.45,8289.7619047619,21.2,0.20913442036559035
2010-11-30,1180.550048828125,0.17,2.36,84.12,8458.42045454545,23.54,0.1907488153428342
2010-12-31,1257.6400146484375,0.12,2.69,91.38,9152.85714285714,17.75,0.2280670552254295
2011-01-31,1286.1199951171875,0.15,2.84,90.99,9533.2,19.53,0.20952021208714375
2011-02-28,1327.219970703125,0.15,2.73,97.1,9880.9375,18.35,0.2040391737783558
2011-03-31,1325.8299560546875,0.09,2.67,106.19,9503.35869565217,17.74,0.20312961109692554
2011-04-30,1363.6099853515625,0.04,2.71,113.39,9482.75,14.75,0.18108075440234211
2011-05-31,1345.199951171875,0.06,2.6,102.7,8931.675,15.45,0.18276934447337664
2011-06-30,1320.6400146484375,0.03,2.73,95.3,9066.85227272727,16.52,0.17750604346270138
2011-07-31,1292.280029296875,0.1,2.46,95.68,9650.46428571429,25.25,0.18619561254981465
2011-08-31,1218.8900146484375,0.02,2.03,88.81,8997.98863636364,31.62,0.22123576917278912
2011-09-30,1131.4200439453125,0.02,1.67,78.93,8300.13636363636,42.96,0.2552383075098268
2011-10-31,1253.300048828125,0.01,1.92,93.19,7394.19047619048,29.96,0.3714811721851156
2011-11-30,1246.9599609375,0.01,1.83,100.36,7581.02272727273,27.8,0.29435878143462074
2011-12-31,1257.5999755859375,0.02,1.64,98.83,7558.875,23.4,0.31118964210788114
2012-01-31,1312.4100341796875,0.06,1.61,98.46,8061.91666666667,19.44,0.4727895535164509
2012-02-29,1365.6800537109375,0.08,1.68,107.08,8441.4880952381,18.43,0.5744025476932384
2012-03-31,1408.469970703125,0.07,1.9,103.03,8470.78409090909,15.5,0.6440604665992161
2012-04-30,1397.9100341796875,0.1,1.68,104.89,8285.52631578947,17.15,0.6152973937409435
2012-05-31,1310.3299560546875,0.07,1.32,86.52,7896.90909090909,24.06,0.6241869474146526
2012-06-30,1362.1600341796875,0.09,1.34,85.04,7428.28947368421,17.08,0.6324913314656534
2012-07-31,1379.3199462890625,0.11,1.28,88.08,7584.26136363636,18.93,0.6414124577031338
2012-08-31,1406.5799560546875,0.09,1.35,96.47,7510.43181818182,17.47,0.648726992802847
2012-09-30,1440.6700439453125,0.1,1.42,92.18,8087.7425,15.73,0.655928154103271
2012-10-31,1412.1600341796875,0.11,1.42,86.23,8062.03260869565,18.6,0.6591115237936247
2012-11-30,1416.1800537109375,0.08,1.37,88.54,7711.22727272727,15.87,0.6923178440363482
2012-12-31,1426.18994140625,0.05,1.53,91.83,7966.48684210526,18.02,0.7464232234785891
2013-01-31,1498.1099853515625,0.07,1.75,97.65,8053.73863636364,14.28,0.7496632782009907
2013-02-28,1514.6800537109375,0.11,1.64,92.03,8060.925,15.51,0.7488211207182867
2013-03-31,1569.18994140625,0.07,1.62,97.24,7652.375,12.7,0.7372533420332558
2013-04-30,1597.5699462890625,0.05,1.48,93.22,7221.1619047619,13.52,0.7348143300827595
2013-05-31,1630.739990234375,0.04,1.86,91.93,7248.71428571429,16.3,0.6850234934779795
2013-06-30,1606.280029296875,0.04,2.16,96.36,7000.2375,16.86,0.6070890916880869
2013-07-31,1685.72998046875,0.04,2.29,105.1,6906.64130434783,13.45,0.6293544024601215
2013-08-31,1632.969970703125,0.03,2.39,107.98,7186.25,17.01,0.5544951800690007
2013-09-30,1681.550048828125,0.02,2.31,102.36,7159.26904761905,16.6,0.5615379600006143
2013-10-31,1756.5400390625,0.04,2.26,96.29,7203.02173913043,13.75,0.5432819901225623
2013-11-30,1805.81005859375,0.06,2.47,92.55,7070.65476190476,13.7,0.5613627326022371
2013-12-31,1848.3599853515625,0.07,2.66,98.17,7214.9,13.72,0.5212117518759743
2014-01-31,1782.5899658203125,0.02,2.33,97.55,7291.46590909091,18.41,0.5453048314156986
2014-02-28,1859.449951171875,0.05,2.33,102.88,7149.2125,14.0,0.5413157633758536
2014-03-31,1872.3399658203125,0.05,2.29,101.57,6650.03571428571,13.88,0.5432371012273272
2014-04-30,1883.949951171875,0.03,2.25,100.07,6673.5625,13.41,0.5561915687459549
2014-05-31,1923.5699462890625,0.04,2.11,103.4,6891.125,11.4,0.536806096644256
2014-06-30,1960.22998046875,0.04,2.06,106.07,6821.14285714286,11.57,0.5611398305375889
2014-07-31,1930.6700439453125,0.03,2.05,98.23,7113.38043478261,16.95,0.534233592229198
2014-08-31,2003.3699951171875,0.03,1.87,97.86,7001.8375,11.98,0.4210323651188549
2014-09-30,1972.2900390625,0.02,1.94,91.17,6872.21590909091,16.31,0.31959502830412845
2014-10-31,2018.050048828125,0.01,1.85,80.53,6737.47826086957,14.03,0.2435651939066572
2014-11-30,2067.56005859375,0.02,1.71,65.94,6712.85,13.33,0.22289712741052148
2014-12-31,2058.89990234375,0.04,1.5,53.45,6446.45238095238,19.2,0.21989120580440494
2015-01-31,1994.989990234375,0.02,1.21,47.79,5830.53571428571,20.97,0.3172170638496935
2015-02-28,2104.5,0.02,1.37,49.84,5729.275,13.34,0.34869320468009435
2015-03-31,2067.889892578125,0.03,1.38,47.72,5939.67045454545,15.29,0.33605162372034986
2015-04-30,2085.510009765625,0.01,1.47,59.62,6042.0875,14.55,0.3176519289875953
2015-05-31,2107.389892578125,0.01,1.51,60.25,6294.77631578947,13.84,0.21063027208011148
2015-06-30,2063.110107421875,0.01,1.71,59.48,5833.01136363636,18.23,0.15425128952536613
2015-07-31,2103.840087890625,0.08,1.53,47.11,5456.75,12.12,0.14729723611534148
2015-08-31,1972.1800537109375,0.08,1.47,49.2,5127.3,28.43,0.13301783998498448
2015-09-30,1920.030029296875,-0.01,1.42,45.06,5217.25,24.5,0.15382038742277623
2015-10-31,2079.360107421875,0.08,1.41,46.6,5216.09090909091,15.07,0.18037659366713124
2015-11-30,2080.409912109375,0.22,1.27,40.43,4799.90476190476,16.13,0.17475083320587284
2015-12-31,2043.93994140625,0.16,1.21,37.13,4638.83333333333,18.21,0.17039997275649585
2016-01-31,1940.239990234375,0.32,1.18,33.66,4471.7875,20.2,0.20839594721799862
2016-02-29,1932.22998046875,0.33,0.96,32.74,4598.61904761905,20.55,0.21843796523918116
2016-03-31,2059.739990234375,0.21,1.05,36.94,4953.79761904762,13.95,0.22324307647866365
2016-04-30,2065.300048828125,0.22,1.06,45.98,4872.7380952381,15.7,0.23179961625500087
2016-05-31,2096.949951171875,0.34,0.97,49.1,4694.5375,14.19,0.2233839563279252
2016-06-30,2098.860107421875,0.26,0.91,48.27,4641.96590909091,15.63,0.2790687077399894
2016-07-31,2173.60009765625,0.27,0.79,41.54,4864.90476190476,11.87,0.26221532351790366
2016-08-31,2170.949951171875,0.33,0.78,44.68,4751.67045454545,13.42,0.30447944028424456
2016-09-30,2168.27001953125,0.28,0.83,47.72,4722.20454545455,13.29,0.31688088500024464
2016-10-31,2126.14990234375,0.34,0.98,46.83,4731.2619047619,17.06,0.2862732644050798
2016-11-30,2198.81005859375,0.48,1.26,49.41,5450.93181818182,13.33,0.3087545622927274
2016-12-31,2238.830078125,0.5,1.25,53.75,5660.35,14.04,0.29906784503661865
2017-01-31,2278.8701171875,0.52,1.26,52.75,5754.55952380952,11.99,0.24770798287765897
2017-02-28,2363.639892578125,0.53,1.14,54.0,5940.9125,12.92,0.23680956921348859
2017-03-31,2362.719970703125,0.75,1.13,50.54,5824.63043478261,12.37,0.23519506544163243
2017-04-30,2384.199951171875,0.79,1.01,49.31,5683.90277777778,10.82,0.23326336276666815
2017-05-31,2411.800048828125,0.96,0.93,48.29,5599.55952380952,10.41,0.24759065042238798
2017-06-30,2423.409912109375,1.01,0.93,46.02,5719.76136363636,11.18,0.24294472267922454
2017-07-31,2470.300048828125,1.05,0.96,50.21,5985.11904761905,10.26,0.25060221593645454
2017-08-31,2471.64990234375,0.99,0.79,47.26,6485.625,10.59,0.2973697072497015
2017-09-30,2519.360107421875,1.04,0.86,51.67,6577.16666666667,9.51,0.33131982713799696
2017-10-31,2575.260009765625,1.13,0.78,54.36,6807.60227272727,10.18,0.3528341157827657
2017-11-30,2647.580078125,1.25,0.64,57.4,6826.54545454545,11.28,0.37585001383310995
2017-12-31,2673.610107421875,1.37,0.51,60.46,6833.8947368421,11.04,0.37527987367012994
2018-01-31,2823.81005859375,1.44,0.58,64.82,7065.85227272727,13.54,0.3657448087845242
2018-02-28,2713.830078125,1.63,0.62,61.43,7006.525,19.85,0.26544341347918676
2018-03-31,2640.8701171875,1.7,0.47,64.87,6799.17857142857,19.97,0.278936550848118
2018-04-30,2648.050048828125,1.84,0.46,68.56,6851.5125,15.93,0.2698752764435726
2018-05-31,2705.27001953125,1.89,0.43,66.98,6825.27380952381,15.43,0.25453870880183566
2018-06-30,2718.3701171875,1.89,0.33,74.13,6965.85714285714,16.09,0.2987954046469229
2018-07-31,2816.2900390625,1.99,0.29,69.88,6250.75,12.83,0.3241962767387741
2018-08-31,2901.52001953125,2.07,0.24,69.84,6051.04545454545,12.86,0.33116549609291324
2018-09-30,2913.97998046875,2.15,0.24,73.16,6050.7625,12.12,0.2911518558151731
2018-10-31,2711.739990234375,2.29,0.28,65.31,6219.58695652174,21.23,0.21664161452039363
2018-11-30,2760.169921875,2.32,0.21,50.78,6195.92045454545,18.07,0.2047960223325119
2018-12-31,2506.85009765625,2.4,0.21,45.15,6075.31578947368,25.42,0.3397078181899483
2019-01-31,2704.10009765625,2.36,0.18,53.84,5939.10227272727,16.57,0.2175907644594771
2019-02-28,2784.489990234375,2.4,0.21,57.21,6300.4875,14.78,0.21281229723051387
2019-03-31,2834.39990234375,2.35,0.14,60.19,6439.46428571429,13.71,0.19104462460396365
2019-04-30,2945.830078125,2.38,0.24,63.83,6438.3625,13.12,0.20182268036168716
2019-05-31,2752.06005859375,2.3,0.19,53.49,6017.90476190476,18.71,0.3047763284193941
2019-06-30,2941.760009765625,2.08,0.25,58.2,5882.225,15.08,0.25166291539852775
2019-07-31,2980.3798828125,2.04,0.13,58.53,5941.19565217391,16.12,0.2591572180481792
2019-08-31,2926.4599609375,1.95,0.0,55.07,5709.44047619048,18.98,0.29476935104814495
2019-09-30,2976.739990234375,1.84,0.05,54.09,5759.25,16.24,0.29822515498629154
2019-10-31,3037.56005859375,1.51,0.17,54.02,5757.29782608696,13.22,0.3368495544336906
2019-11-30,3140.97998046875,1.56,0.17,58.12,5859.95238095238,12.62,0.3294188863935989
2019-12-31,3230.780029296875,1.52,0.34,61.14,6077.0625,13.78,0.33563823412538857
2020-01-31,3225.52001953125,1.52,0.18,51.58,6031.20909090909,18.84,0.3343675724884504
2020-02-29,2954.219970703125,1.25,0.27,44.83,5687.75,40.11,0.42306134088541847
2020-03-31,2584.590087890625,0.11,0.47,20.51,5182.63181818182,53.54,0.5075283069432489
2020-04-30,2912.429931640625,0.09,0.44,19.23,5057.972,34.15,0.4563225099805152
2020-05-31,3044.31005859375,0.14,0.49,35.57,5239.82631578947,27.51,0.4583936662792293
2020-06-30,3100.2900390625,0.16,0.5,39.27,5754.59545454546,30.43,0.4636769813499205
2020-07-31,3271.1201171875,0.09,0.44,40.1,6372.46086956522,24.46,0.4485074409305924
2020-08-31,3500.31005859375,0.11,0.58,42.61,6508.39285714286,26.41,0.4668189856599325
2020-09-30,3363.0,0.1,0.56,40.05,6704.9,26.37,0.46268631040928304
2020-10-31,3269.9599609375,0.09,0.74,35.64,6713.81136363636,38.02,0.42696388458945067
2020-11-30,3621.6298828125,0.08,0.68,45.2,7068.90714285714,20.57,0.4046281946237888
2020-12-31,3756.070068359375,0.09,0.8,48.35,7772.2380952381,22.75,0.4098863110793315
2021-01-31,3714.239990234375,0.06,1.0,52.16,7972.1475,33.09,0.36882400070359295
2021-02-28,3811.14990234375,0.04,1.3,61.55,8470.94,27.95,0.39962079632333014
2021-03-31,3972.889892578125,0.03,1.58,59.19,8988.24782608696,19.4,0.40426001872018374
2021-04-30,4181.169921875,0.01,1.49,63.5,9324.8175,18.61,0.40913971405024196
2021-05-31,4204.10986328125,0.01,1.44,66.31,10166.285,16.76,0.41223269361277054
2021-06-30,4297.5,0.05,1.2,73.52,9631.5,15.83,0.41093387635884115
2021-07-31,4395.259765625,0.06,1.05,73.93,9450.82045454546,18.24,0.3991476779406058
2021-08-31,4522.68017578125,0.04,1.1,68.43,9370.13857142857,16.48,0.40444593260116884
2021-09-30,4307.5400390625,0.04,1.24,75.22,9324.70954545455,23.14,0.3615738198291409
2021-10-31,4605.3798828125,0.05,1.07,83.5,9829.21904761905,16.26,0.41063500995669794
2021-11-30,4567.0,0.05,0.91,66.14,9728.90454545454,27.19,0.4149348551587186
2021-12-31,4766.18017578125,0.06,0.79,75.33,9551.18,17.22,0.3752756210722562
2022-01-31,4515.5498046875,0.24,0.61,89.16,9782.3375,24.83,0.31334518421271557
2022-02-28,4373.93994140625,0.37,0.39,96.13,9943.175,30.15,0.298648701008703
2022-03-31,4530.41015625,0.51,0.04,100.53,10230.8939130435,20.56,0.31397947813860877
2022-04-30,4131.93017578125,0.83,0.19,104.59,10174.3476190476,33.4,0.14682201841975365
2022-05-31,4132.14990234375,1.13,0.32,114.38,9395.02727272727,26.19,0.08906906682160495
2022-06-30,3785.3798828125,1.66,0.06,107.76,9067.55181818182,28.71,0.08575856070906929
2022-07-31,4130.2900390625,2.34,-0.22,101.31,7544.80952380952,21.33,0.022954456258909704
2022-08-31,3955.0,2.87,-0.3,90.09,7990.81217391304,25.87,-0.06181282211967424
2022-09-30,3585.6201171875,3.22,-0.39,79.91,7746.01136363636,31.62,-0.1773173573754284
2022-10-31,3871.97998046875,4.06,-0.41,86.54,7651.08285714286,25.88,-0.1434895414893142
2022-11-30,4080.110107421875,4.27,-0.7,80.48,8049.86136363636,20.58,-0.17530060491387123
2022-12-31,3839.5,4.3,-0.53,80.16,8371.09136363636,21.67,-0.19198024224355206
2023-01-31,4076.60009765625,4.58,-0.69,78.95,9007.34636363636,19.4,-0.23740566166200155
2023-02-28,3970.14990234375,4.72,-0.89,76.88,8936.587,20.7,-0.3446037791649626
2023-03-31,4109.31005859375,4.68,-0.58,75.68,8856.31086956522,18.7,-0.5299932193169905
2023-04-30,4169.47998046875,4.95,-0.6,76.78,8809.1575,15.78,-0.533810829400154
2023-05-31,4179.830078125,5.26,-0.76,68.11,8243.15608695652,17.94,-0.5330024106806447
2023-06-30,4450.3798828125,5.17,-1.06,70.66,8396.51772727273,13.59,-0.514368557481684
2023-07-31,4588.9599609375,5.28,-0.91,81.8,8476.67904761905,13.63,-0.5010389082260909
2023-08-31,4507.66015625,5.32,-0.76,83.55,8347.82826086957,13.57,-0.520626117791526
2023-09-30,4288.0498046875,5.32,-0.44,90.77,8276.71380952381,17.52,-0.5624690064328045
2023-10-31,4193.7998046875,5.33,-0.19,81.64,7941.35590909091,18.14,-0.5659923058964834
2023-11-30,4567.7998046875,5.25,-0.36,75.66,8189.58772727273,12.92,-0.6097470064877498
2023-12-31,4769.830078125,5.2,-0.35,71.89,8407.90047619048,12.45,-0.6151912515763016
2024-01-31,4845.64990234375,5.22,-0.28,76.28,8351.33956521739,14.35,-0.6131739911340677
2024-02-29,5096.27001953125,5.25,-0.39,79.22,8304.95047619048,13.4,-0.6044616972364987
2024-03-31,5254.35009765625,5.23,-0.39,83.96,8692.81904761905,13.01,-0.6289134773711468
2024-04-30,5035.68994140625,5.25,-0.35,83.49,9445.59363636363,15.65,-0.6373889212846245
2024-05-31,5277.509765625,5.25,-0.38,77.97,10117.1634782609,12.92,-0.6469402646401944
2024-06-30,5460.47998046875,5.22,-0.35,82.83,9648.167,12.44,-0.6499289416718745
2024-07-31,5522.2998046875,5.15,-0.2,79.36,9385.31304347826,16.36,-0.641572114946781
2024-08-31,5648.39990234375,4.98,0.0,74.52,8981.11772727273,15.0,-0.6426431425093184
2024-09-30,5762.47998046875,4.52,0.15,68.75,9259.12857142857,16.73,-0.6412356729359417
2024-10-31,5705.4501953125,4.44,0.12,69.58,9533.99130434783,23.16,-0.6481219875225874
2024-11-30,6032.3798828125,4.39,0.05,68.26,9075.72714285714,13.51,-0.6616590106819434
2024-12-31,5881.6298828125,4.23,0.33,72.44,8909.90772727273,17.35,-0.6721945616761672
